A,B,Y
9.722,1.62168,-0.94002
5.4455,8.97183,0.96101
5.20908,4.80332,-0.55438
1.90663,0.999,0.23378
1.48349,7.1789,0.69065
2.70335,2.67664,-0.78531
9.00243,0.93362,-0.48928
0.14373,4.21291,-0.93738
3.57174,2.2129,-0.47815
7.21606,2.93865,-0.66682
8.16948,7.8968,-0.3507
1.357,5.25664,0.32448
1.70474,5.41075,0.73949
3.61637,8.92375,-0.02626
5.82725,7.73661,0.84011
5.85567,3.72911,-0.15932
9.62843,2.42976,-0.48658
9.54201,3.15101,0.12631
0.1317,0.74191,0.76665
0.48089,4.18725,-0.99902
1.85867,9.84554,-0.75925
9.95231,9.55935,0.61478
0.98765,3.94763,-0.97526
4.68889,4.34919,0.37713
4.09026,1.13444,-0.87161
1.45734,5.42036,0.56011
7.61364,5.93759,0.8332
4.00473,3.33365,0.87
3.49981,4.64489,0.95804
0.3959,9.86705,-0.74342
2.94808,5.50951,0.82329
6.597,9.19736,-0.08629
4.38539,1.55063,-0.34023
1.21425,9.23116,-0.85244
0.09736,5.95661,-0.22722
8.11272,4.54664,0.09286
7.75269,9.19526,-0.94578
4.48256,3.89642,0.86532
8.58091,8.9271,-0.97384
5.37782,9.36838,0.8202
7.4613,3.47208,-0.99807
6.42135,0.6028,0.675
0.40726,8.89528,0.12193
4.44642,6.34688,-0.97961
0.35624,4.27018,-0.99631
6.81907,2.07872,0.50293
4.82274,0.60548,-0.75454
9.41914,6.41542,-0.12625
6.81155,2.57071,0.04251
2.21348,4.19226,0.12225
2.92716,5.46718,0.85752
6.14818,7.67042,0.94969
8.10855,3.65646,-0.7183
6.92583,9.141,-0.35122
8.4433,8.07429,-0.72403
6.55026,3.74279,-0.76321
6.02842,9.53938,0.13971
9.42668,0.27992,-0.27811
3.74894,4.74155,0.80418
0.29607,8.84138,0.28339
2.74292,9.78557,-0.03788
6.753,5.35701,-0.44068
7.09278,7.82386,0.71129
8.71126,0.05895,0.60881
2.99997,0.91176,-0.69624
4.03644,8.84256,0.30756
8.4465,5.86155,0.98543
0.01756,0.70218,0.65919
8.0741,0.85945,0.47171
9.04338,8.05927,-0.98453
0.42677,8.78068,0.21562
5.68195,0.38701,-0.21259
8.0542,1.53958,-0.16819
2.76321,6.05421,0.5707
5.02365,5.0471,-0.60197
1.25388,7.67676,0.47427
6.91686,1.67666,0.73878
6.51278,6.52553,0.45462
6.02122,9.64121,0.04552
7.78999,2.79979,-0.91879
0.14075,6.92147,0.7026
8.04069,4.7753,0.24704
9.24665,1.33867,-0.91702
7.16922,7.9397,0.56385
8.47158,8.62358,-0.98319
9.48224,9.01511,-0.34496
7.75939,1.56914,0.09609
6.90984,6.03207,0.36677
4.26223,0.37784,-0.99739
7.54423,3.39901,-0.99863
1.26104,2.32621,-0.43105
8.60733,9.3057,-0.8055
9.18316,4.11068,0.66498
4.87737,3.3356,0.93625
9.27537,1.47681,-0.97053
6.23449,5.1868,-0.91074
7.38002,5.17702,-0.00933
2.81609,0.61941,-0.28969
8.84239,4.92323,0.93177
7.26782,8.1768,0.26031
2.02191,2.27122,-0.91339
8.20905,3.95879,-0.38806
3.71621,8.86976,0.0196
6.11377,8.45506,0.90827
2.52045,4.81263,0.86737
1.2849,0.10066,0.98289
8.0219,5.4977,0.81529
0.73557,4.4237,-0.9018
9.68899,0.30095,-0.53556
1.41364,8.72772,-0.65681
2.68246,4.52947,0.80087
0.87688,4.64699,-0.68842
9.99672,7.34918,-0.99775
1.60928,1.65012,-0.11754
0.95499,5.85781,0.5052
9.30445,8.9989,-0.51945
1.98843,3.42203,-0.76609
2.4879,8.78163,-0.96271
6.40036,4.56136,-0.99943
5.67701,4.99876,-0.9493
5.73655,9.84126,0.12979
3.72223,2.93951,0.36958
7.87032,8.57043,-0.66894
2.2741,6.90301,0.24514
1.51466,3.48544,-0.9589
9.2856,2.80386,-0.45904
2.19514,8.02026,-0.7108
9.39788,9.97927,0.50345
4.50557,8.05554,-0.00525
7.7751,0.17961,0.99493
0.14426,7.78266,0.99734
0.86434,5.42796,0.00912
7.88011,3.03502,-0.99677
9.56282,3.48331,0.46157
3.37992,3.09405,0.18963
7.02048,8.77289,-0.0853
5.8553,4.24139,-0.62248
7.7987,8.03867,-0.12905
0.30347,2.52744,0.3057
8.6242,2.45806,-0.99625
5.8318,6.19604,-0.51287
4.34652,0.7271,-0.93546
8.29152,7.67219,-0.25297
0.21773,5.94906,-0.11613
3.88747,8.78656,0.10745
2.74554,2.73651,-0.71814
7.42258,9.94823,-0.99577
1.0748,2.65919,-0.55835
8.98804,8.23925,-0.99868
0.76429,4.70635,-0.72604
6.16838,6.22344,-0.17367
5.79657,3.11916,0.48735
9.01284,9.65534,-0.18039
7.40471,0.57432,0.99219
4.09371,1.44407,-0.67827
2.40114,5.82603,0.93117
5.2758,9.44228,0.83597
6.26908,3.95706,-0.71831
5.86689,8.59308,0.94835
5.29155,3.59483,0.51276
6.94817,1.63036,0.7488
8.76505,7.83341,-0.77738
3.27912,2.81982,-0.1832
9.90567,9.2283,0.28059
2.21808,3.67489,-0.38039
3.75191,6.25732,-0.55174
8.45568,1.08512,-0.11577
6.43736,1.46369,0.99889
2.41312,2.93266,-0.80602
3.35052,2.2496,-0.63117
3.17636,5.3175,0.80217
5.0029,0.78253,-0.47746
7.77331,1.94381,-0.2882
8.46427,2.58136,-0.99875
9.12402,2.63783,-0.72049
1.42798,0.61003,0.89283
3.77114,3.80015,0.96031
1.82911,7.6088,-0.01313
5.64309,7.8695,0.81121
2.30031,3.96349,-0.01938
8.57618,3.05672,-0.80369
2.37778,8.40349,-0.97712
1.33944,1.35488,0.43251
5.60472,2.35282,0.99464
2.06796,2.07419,-0.84177
5.6971,3.41293,0.30957
2.36678,5.66355,0.98449
7.93773,0.13858,0.97539
9.49247,9.73493,0.36892
5.38587,9.45996,0.75924
3.95112,5.80548,-0.32576
9.44911,2.15799,-0.81877
4.23549,0.69918,-0.9754
3.09556,5.55604,0.69842
0.93685,1.43992,0.69241
5.57347,8.06416,0.8778
2.72401,9.66748,-0.17399
5.46483,4.06054,-0.10043
6.09261,4.90282,-1.0
7.35389,0.88589,0.9265
2.63872,5.06183,0.98825
0.22979,3.15016,-0.2361
7.5545,2.79608,-0.79911
2.30854,2.64435,-0.97122
2.22883,6.97676,0.21744
1.4792,4.22189,-0.54978
8.70553,7.20488,-0.20107
0.09658,0.4524,0.52181
1.79443,1.63474,-0.28363
3.82016,7.02019,-0.98798
3.71448,0.88897,-0.99407
8.53378,6.6367,0.51198
9.54021,2.41627,-0.57278
6.97857,1.04623,0.98545
2.27906,4.45045,0.43165
1.77033,1.71934,-0.34109
6.21941,8.28211,0.93435
6.73723,8.2486,0.66098
6.81482,0.13475,0.61815
3.56325,3.0366,0.3114
9.5617,2.23501,-0.69589
2.30154,2.46482,-0.99854
5.09637,8.67444,0.93364
9.91345,5.5661,0.22643
2.83533,9.7803,0.04925
6.18594,0.37847,0.27754
4.16373,9.70869,0.96516
9.64714,2.57437,-0.33807
0.90199,9.25494,-0.66847
1.63636,3.65435,-0.83738
7.1286,9.98444,-0.9863
1.97845,9.18934,-0.98521
9.05549,7.28529,-0.59142
6.53329,2.40177,0.47038
1.41449,2.14005,-0.4013
9.01003,2.12674,-0.99005
5.13785,1.17516,0.02982
9.63174,3.62954,0.64032
5.20766,4.01385,0.20187
1.84473,0.4925,0.72039
2.6072,4.86022,0.92621
2.04937,8.20623,-0.73848
1.23593,1.89937,0.0063
8.70083,1.10071,-0.36791
0.89578,8.75162,-0.22079
6.97268,5.5346,-0.05906
3.99504,6.8807,-0.99283
9.42782,2.95204,-0.18544
1.44232,3.6972,-0.91016
3.0734,5.64881,0.64618
8.67601,3.58885,-0.29696
6.13027,4.14131,-0.74917
4.52967,6.42286,-0.99907
6.53551,1.46585,0.98916
6.00838,8.03713,0.9958
6.50407,4.2101,-0.96067
5.80673,5.21322,-0.9997
8.21718,0.67388,0.50873
5.85386,5.23215,-0.99591
6.70413,4.06358,-0.97415
5.88276,7.03872,0.3477
5.30778,5.59062,-0.99528
7.15502,6.57066,0.91653
9.13885,7.31353,-0.67754
2.34004,6.85834,0.22447
9.40675,5.12488,0.9232
6.70944,8.28709,0.65292
9.98995,3.26578,0.63604
3.95643,1.89475,-0.41869
2.50296,6.0069,0.79251
7.36816,8.10639,0.2313
2.31233,0.5062,0.31747
9.10792,5.04535,0.99987
5.86375,5.87324,-0.73752
2.7059,7.96702,-0.94839
7.64246,1.45126,0.32505
5.6316,8.60258,0.9953
9.81337,1.76747,-0.83356
0.36359,9.2296,-0.16762
9.44996,5.22618,0.85824
9.40796,6.33357,-0.03356
7.14954,1.85957,0.4038
9.32092,6.10022,0.2829
7.72434,3.69229,-0.91266
8.03056,5.22916,0.63912
5.96692,6.35761,-0.23948
8.47675,1.99927,-0.86804
8.89357,9.73672,-0.21751
7.43886,5.97221,0.74777
1.35196,4.72552,-0.20427
5.64229,8.52292,0.99961
9.20494,7.7355,-0.94331
9.72577,5.18467,0.71562
3.27692,2.70227,-0.29934
5.7132,0.02446,-0.51886
8.53165,3.92368,-0.11081
4.37485,9.63716,0.99218
1.95808,8.02771,-0.53205
6.29256,1.22588,0.94423
3.67385,4.31436,0.991
8.97131,8.97961,-0.78248
0.2979,9.3185,-0.19045
5.28371,4.30702,-0.1652
2.11317,0.63415,0.38414
1.88371,9.39039,-0.96146
4.07222,2.22229,0.01132
5.26084,9.74357,0.64693
8.00687,0.31024,0.89466
5.08236,1.25557,0.05472
8.07644,3.68769,-0.71891
3.63461,8.68564,-0.24364
4.23316,5.04312,0.14795
8.55432,1.87892,-0.84601
8.07985,7.57943,0.04866
3.91643,4.45578,0.8687
9.56957,8.24147,-0.86165
9.80757,8.014,-0.85626
1.54479,3.11643,-0.99869
8.03041,3.31477,-0.93951
2.32323,9.76008,-0.46449
1.65935,8.63731,-0.76554
7.63123,9.22904,-0.9137
6.02989,9.66218,0.0159
9.90499,6.69939,-0.7811
4.93522,2.26108,0.79141
8.56293,4.31461,0.30618
6.36917,5.58055,-0.5783
0.14679,8.36167,0.79337
5.83678,4.53153,-0.80963
5.88494,6.97975,0.29392
6.84608,0.89078,0.99315
7.20616,8.07752,0.41167
3.56308,9.19961,0.19506
5.31826,3.4217,0.63253
6.97056,7.49893,0.94529
1.65295,4.30064,-0.32366
1.01616,0.99781,0.9034
1.68584,8.87296,-0.90612
7.60583,3.31879,-0.99748
1.71457,4.69287,0.12394
4.38647,9.38754,0.93478
8.04616,4.83659,0.31113
5.8972,5.16298,-0.99791
3.64977,7.55877,-0.97741
7.31191,8.88651,-0.47103
2.83175,7.438,-0.74795
8.99199,6.27695,0.42506
2.46841,1.78991,-0.89867
0.43924,0.17426,0.57574
8.5534,9.58138,-0.65545
1.30258,9.01456,-0.77856
5.09866,2.53076,0.97489
1.17464,0.97409,0.83759
4.63086,9.66047,0.98814
5.83988,2.20227,0.98235
3.08339,9.45605,-0.02693
3.28364,8.02325,-0.95193
8.46179,5.0483,0.80974
2.05733,8.5731,-0.93407
4.67829,3.8782,0.76322
9.20041,0.84598,-0.58235
3.56657,7.40559,-0.99973
6.01814,5.21186,-0.97265
3.90865,9.91045,0.94984
8.61736,2.63221,-0.96792
3.08483,1.96556,-0.94342
4.3985,1.52518,-0.35181
9.83891,9.58552,0.54373
7.50305,0.00605,0.94111
8.56523,4.84998,0.75052
2.67358,1.6514,-0.92589
0.27802,7.16965,0.91858
0.87024,5.56896,0.15538
9.75784,4.47188,0.99572
6.242,8.54414,0.79671
2.4731,9.86322,-0.22803
8.83656,8.02251,-0.91322
7.67008,1.25858,0.47602
7.63137,2.45037,-0.61072
6.54409,5.06272,-0.81894
5.29979,7.753,0.46746
4.17072,1.93345,-0.17805
3.64968,7.61979,-0.96272
1.36341,3.09325,-0.96748
1.49683,5.71083,0.7983
6.72773,8.59561,0.37521
6.88778,5.39281,-0.2819
8.70353,5.55976,0.99206
9.9482,5.60926,0.14993
5.67613,5.08087,-0.97168
4.44979,2.34277,0.48762
3.83259,0.27934,-0.82508
8.42019,8.38959,-0.89203
4.25174,8.70739,0.38274
1.67345,2.98609,-0.9986
6.47609,9.19947,0.03239
4.71852,6.1105,-0.98616
9.42221,4.20879,0.87461
9.034,0.7853,-0.38437
9.44361,0.4587,-0.45959
8.27659,7.8163,-0.37548
3.26015,1.31231,-0.99023
6.1316,1.95263,0.97361
9.86791,6.97526,-0.90662
6.50222,2.62236,0.29571
1.93809,4.15602,-0.18795
9.63004,7.33245,-0.9504
0.56886,8.23706,0.5801
4.46491,7.28626,-0.72786
7.71796,8.82248,-0.7396
0.56376,6.46156,0.67587
9.02917,9.69963,-0.12046
3.23851,1.2985,-0.98466
6.70859,8.1564,0.74662
9.2282,8.4039,-0.93822
4.0958,1.21906,-0.82394
8.13002,5.83926,0.98594
3.72471,6.98627,-0.95977
3.90955,1.66282,-0.65245
4.16756,8.9536,0.52677
1.82178,7.57344,0.02956
0.19813,0.31019,0.48671
9.95419,3.33216,0.65937
9.77933,9.65818,0.55466
8.97923,4.65079,0.87413
3.1141,5.60959,0.64505
2.49338,0.97549,-0.32147
3.87339,8.65594,-0.03703
6.06175,7.60278,0.89037
1.39649,9.90358,-0.954
1.62402,5.13423,0.45739
1.69959,8.82949,-0.89315
0.62734,2.15923,0.34761
0.10094,5.79541,-0.37726
3.54476,3.0645,0.32033
3.71477,7.56472,-0.95997
3.74585,6.54967,-0.7648
7.27103,6.78185,0.99645
5.7485,8.99604,0.82115
5.79631,7.48166,0.65305
9.91821,2.17965,-0.45156
8.43449,5.53269,0.98559
6.33089,7.22536,0.83596
2.72537,6.60967,0.08962
4.47391,2.78431,0.82772
4.00642,7.13341,-0.98961
7.32322,5.07091,-0.17139
1.33883,2.63303,-0.73811
0.87237,0.14437,0.8504
9.65893,5.12681,0.79694
9.07343,2.41185,-0.88247
3.25152,6.67252,-0.47878
2.14543,5.45864,0.96894
7.82822,8.47449,-0.5603
1.17154,6.72766,0.99898
7.11326,2.819,-0.48597
5.31645,0.63916,-0.32175
9.74921,9.12854,0.02818
2.66618,3.59342,-0.02359
0.20173,4.81272,-0.95472
7.75804,3.18958,-0.99885
0.13344,8.1516,0.90852
2.33085,9.82674,-0.39749
0.26554,8.79129,0.3597
2.62962,3.65145,-0.00212
8.82351,9.96308,-0.06292
1.61383,9.61973,-0.97181
8.74942,7.27109,-0.30748
9.97495,9.52453,0.60513
3.35379,6.6421,-0.54057
2.0441,5.59673,0.97737
7.23012,4.78805,-0.52115
1.10485,3.52663,-0.99673
5.92777,7.11597,0.45945
1.8654,1.00783,0.26515
0.08652,2.50617,0.52175
4.2785,6.08935,-0.80937
8.76526,9.20969,-0.76729
3.52318,5.74743,0.15356
4.29406,0.73536,-0.95016
0.98646,5.14264,-0.15348
0.3916,9.79903,-0.69315
5.65095,2.20463,1.0
3.59868,5.14412,0.63033
9.85139,0.13283,-0.53071
1.85541,7.36439,0.20355
6.32449,9.63707,-0.25088
5.19383,5.21041,-0.8302
4.90651,2.28254,0.78696
0.06097,0.57422,0.59333
2.16741,4.44565,0.32392
8.13621,7.14908,0.4102
4.20381,2.28943,0.20852
1.34005,7.33121,0.68421
0.29641,0.09721,0.38354
9.15462,9.87259,0.17672
6.20435,9.93387,-0.4171
1.46335,9.77914,-0.96967
5.34874,6.76359,-0.4386
9.88937,4.20898,0.99925
3.67727,9.38207,0.47324
6.0218,0.93172,0.62125
9.01884,2.56266,-0.8332
8.08764,0.31463,0.85342
6.84176,5.94345,0.21709
8.11775,6.98398,0.56978
8.83634,8.40059,-0.99913
3.19764,6.38122,-0.15347
4.15958,6.80358,-0.99947
2.75217,0.83667,-0.43248
7.23429,2.83766,-0.60293
4.03121,4.52616,0.76266
7.25872,4.87113,-0.42278
0.49697,5.11429,-0.62249
1.99714,2.44518,-0.96375
3.64411,2.06352,-0.5443
7.66562,5.84008,0.80716
6.76176,7.74179,0.93363
4.5672,6.41594,-0.99992
0.03807,6.5538,0.3038
5.89734,6.64414,-0.02489
6.36414,6.24625,0.04401
4.71699,1.22316,-0.33635
0.05189,6.16587,-0.06538
4.57906,6.76465,-0.94001
4.94645,5.86026,-0.98222
8.51649,4.51678,0.45012
3.74215,8.87531,0.05106
1.22892,5.14317,0.08879
3.91178,8.83676,0.18116
7.68093,7.38963,0.59511
8.00835,2.39155,-0.82777
1.85557,2.29973,-0.8488
4.86429,4.62505,-0.06452
0.53079,3.18496,-0.54313
8.70174,4.09986,0.23306
6.1401,8.38322,0.92637
5.79501,9.87564,0.03731
8.66753,6.02535,0.84953
6.368,6.7094,0.48908
5.71707,0.85813,0.28788
3.1248,8.19534,-0.94779
7.07117,3.44299,-0.88634
0.06141,4.55431,-0.99533
8.81283,3.49795,-0.25282
5.41545,8.46836,0.96808
2.799,0.37981,-0.03721
6.32333,9.57772,-0.19189
0.55189,9.24541,-0.36397
3.81159,5.25098,0.35434
9.30601,6.95769,-0.52757
5.69168,8.72485,0.96123
0.15103,6.66762,0.51024
3.57944,3.00379,0.29557
1.55413,9.47699,-0.99937
1.10395,6.3504,0.92121
7.26768,6.51472,0.93773
8.26085,6.71474,0.66864
4.71646,8.07159,0.21986
5.01751,8.40391,0.7546
3.43256,7.98799,-0.91105
6.41061,7.82681,0.99498
6.71439,2.33443,0.36716
9.32218,7.26008,-0.76709
6.51427,9.28613,-0.09231
6.26873,9.45598,-0.01675
2.04784,7.50422,-0.12694
9.25793,7.98145,-0.99922
1.87872,6.15831,0.98329
5.24152,3.77479,0.3972
8.23763,5.31359,0.83319
4.57229,6.4028,-0.99979
2.85312,3.54452,0.1142
4.7366,7.44576,-0.37464
0.61768,5.8615,0.19474
1.42949,3.861,-0.8375
2.14457,9.94459,-0.4593
9.223,8.81271,-0.72693
5.74429,2.74153,0.80694
4.55964,6.35922,-0.99706
4.83535,7.47378,-0.25441
2.12745,6.17678,0.90034
5.57577,4.45365,-0.56846
5.88083,7.27633,0.55702
3.58456,9.15387,0.17121
7.01741,8.46178,0.22678
3.43118,0.01032,-0.29544
8.00184,9.02505,-0.96845
3.15985,3.56267,0.42533
3.61933,4.96102,0.74759
4.62819,9.937,0.90979
9.95286,3.95433,0.97367
1.79371,8.44613,-0.72777
3.98335,5.223,0.21669
2.59294,3.05882,-0.5903
5.09998,2.20493,0.85301
6.2887,3.59615,-0.44402
2.49779,1.35726,-0.65445
2.04427,6.23404,0.91131
7.57227,7.69465,0.42688
0.86292,3.26317,-0.833
7.40441,9.55512,-0.94948
7.70029,0.07338,0.99678
0.99822,3.65195,-0.99806
2.55189,0.91906,-0.32343
0.41796,0.99124,0.98697
7.17461,7.14436,0.98352
8.62756,9.46772,-0.68476
1.80646,7.88195,-0.26059
2.56884,0.11623,0.44083
7.17441,6.29051,0.78242
1.89662,3.49282,-0.77942
3.75444,1.54202,-0.83423
4.54713,7.82293,-0.19505
4.09644,6.00108,-0.62313
7.35285,8.38336,-0.02824
4.12272,7.78752,-0.61006
9.74375,0.19999,-0.49598
5.9723,8.72883,0.84514
7.82344,5.92053,0.92369
4.17959,4.47191,0.69848
9.98639,0.84357,-0.98632
6.96627,8.88281,-0.14065
1.52069,2.89915,-0.95751
2.48197,0.01268,0.60275
9.59079,9.2181,-0.04066
7.71254,4.32083,-0.50812
9.86488,4.11754,0.98805
6.05628,2.52276,0.74845
1.80385,2.50942,-0.9214
6.93431,3.53424,-0.86431
2.95535,0.82331,-0.59484
6.06739,4.11356,-0.68614
4.10556,9.36408,0.78535
0.80464,7.72318,0.78144
6.92323,5.08693,-0.52798
3.10723,6.94038,-0.58334
8.3431,3.97212,-0.24852
6.46186,6.18778,0.08317
6.8556,0.70484,0.95722
7.49613,1.46221,0.44971
6.11597,1.28994,0.90128
9.91138,7.57293,-0.97895
6.63297,2.727,0.06477
1.37455,6.83101,0.93883
0.23743,2.90239,0.00176
2.72878,2.54586,-0.84606
2.30916,2.63779,-0.97262
3.93095,6.0215,-0.50352
4.17397,5.86127,-0.57325
8.53611,3.48181,-0.52136
2.69344,2.45141,-0.90794
5.28466,6.5555,-0.66405
3.93593,9.57662,0.81119
7.90585,4.26274,-0.38738
3.56295,9.85547,0.75264
3.88243,6.45112,-0.78875
2.69771,8.01204,-0.95943
2.96044,0.47396,-0.28864
5.7588,2.01513,0.9968
3.96585,3.9808,0.99571
1.0721,8.75771,-0.39405
7.69743,4.16735,-0.64543
9.4788,3.90822,0.73159
6.34968,2.20172,0.76651
8.30691,2.64077,-0.99885
1.76812,2.58428,-0.9359
9.64196,9.05688,-0.15015
5.80353,3.9181,-0.29252
3.07536,3.71406,0.48489
3.47281,2.38396,-0.41361
3.83724,4.54121,0.86559
9.96048,7.48846,-0.98555
1.47523,7.86362,0.08582
5.38448,2.93333,0.89435
2.42206,0.07211,0.60313
4.75298,5.74762,-0.87998
0.69164,2.80922,-0.35158
6.43196,1.8113,0.92518
5.63116,7.22747,0.28811
2.56948,4.44899,0.67079
8.39927,7.84301,-0.50925
0.83879,6.19424,0.68152
4.16473,5.76237,-0.48147
3.74569,3.75978,0.93988
9.87415,0.41776,-0.76248
5.7669,5.5405,-0.95177
7.12226,2.16916,0.13296
6.67704,5.02334,-0.76173
9.16232,9.38161,-0.30089
2.36117,1.45184,-0.6221
2.78112,2.494,-0.8458
2.13152,8.10766,-0.72732
6.25705,6.35073,0.04139
6.76638,0.46013,0.80952
1.23501,4.1447,-0.78548
5.76974,4.32342,-0.61972
2.18084,6.72055,0.49982
4.26974,5.77699,-0.58262
6.32519,8.75656,0.58608
8.34406,0.54243,0.51266
4.70927,2.82674,0.94987
8.44293,1.26119,-0.27573
4.13239,3.94625,0.97487
9.25285,2.82549,-0.46889
3.10776,0.81038,-0.70082
8.91684,2.3941,-0.95068
1.59219,2.16393,-0.57657
7.70133,8.96865,-0.82035
2.65752,3.87628,0.24799
0.60414,4.09395,-0.9999
2.39446,0.60811,0.13857
5.98054,5.27337,-0.96682
5.09073,2.23,0.86116
3.59492,9.16603,0.19336
1.47394,1.45179,0.21418
4.75107,4.40654,0.264
2.85127,3.8072,0.36654
7.4461,9.78888,-0.99904
5.76989,3.66162,-0.00673
5.56908,7.11781,0.12023
2.96783,1.24354,-0.8771
8.49724,0.65031,0.2737
4.7387,9.1482,0.96885
6.81178,1.71977,0.7791
3.60556,1.91087,-0.6938
6.6368,0.19626,0.52258
1.08475,9.68916,-0.97553
1.89074,7.81921,-0.28132
5.39059,9.8743,0.42871
9.75237,5.0699,0.77436
9.28964,2.44187,-0.7412
7.92054,5.53532,0.77675
9.60871,8.76221,-0.46057
8.20229,5.20612,0.74601
3.35937,3.82866,0.78633
9.67462,5.89837,0.13457
9.38058,9.78189,0.30782
6.48066,1.87397,0.87727
6.04226,6.31076,-0.21174
4.29913,8.53028,0.26002
0.05663,5.59575,-0.58979
4.10766,7.2439,-0.9373
8.18335,6.36168,0.91797
0.25962,8.82608,0.33261
9.57546,8.41204,-0.75918
2.69605,3.94976,0.35473
1.69434,9.20835,-0.99569
1.60338,9.33181,-0.99818
4.35342,9.96569,0.9835
4.19411,3.13424,0.86501
3.75629,8.96937,0.15861
5.44087,0.92491,0.0825
1.28288,6.75069,0.98392
0.87336,5.99228,0.55007
1.15213,7.5211,0.68277
1.28675,4.13097,-0.76139
0.79108,5.03184,-0.44418
7.61365,4.96617,0.01345
5.51763,1.01146,0.24343
2.22828,0.54476,0.36027
4.42531,6.71192,-0.98998
3.35291,3.07814,0.14732
5.54347,0.51762,-0.22028
4.58498,5.29333,-0.43814
6.61752,7.47516,0.99901
1.81131,8.73745,-0.90183
7.87562,2.74631,-0.931
6.17127,4.26046,-0.84521
5.35803,6.13124,-0.88059
1.97674,6.5792,0.76358
5.98101,7.07415,0.46956
5.2424,9.35437,0.89623
9.89669,9.57687,0.58429
7.59808,9.24536,-0.90673
9.52255,3.4039,0.35235
8.63571,5.2882,0.97735
5.28594,6.27531,-0.84423
9.52859,3.29621,0.25556
2.92222,3.22177,-0.13874
2.15887,4.1835,0.05916
7.51606,9.63316,-0.99162
3.77372,6.2368,-0.55282
4.06707,0.42086,-0.97491
5.28557,2.25266,0.95056
7.70679,1.11893,0.56387
0.41984,0.11219,0.50728
4.51317,1.2143,-0.52755
2.98722,3.45304,0.15643
0.9168,4.33708,-0.85694
5.1385,6.45007,-0.82927
4.00374,2.32727,0.0478
6.10919,4.7208,-0.98632
3.27333,2.78183,-0.22606
3.15744,9.96077,0.52425
0.14487,7.76096,0.99866
5.37363,1.70295,0.71274
6.92754,4.91416,-0.66289
6.4285,5.91936,-0.21678
9.71626,5.38266,0.57208
1.14728,4.64855,-0.46829
3.27849,3.1192,0.11426
6.85027,4.91142,-0.72061
4.78822,3.68126,0.81649
3.94356,7.35972,-0.95303
1.40953,7.61643,0.38833
5.72699,8.23095,0.98398
7.84121,1.97115,-0.37795
8.77372,8.69817,-0.98141
1.86193,7.79861,-0.23358
7.36224,9.26973,-0.79802
3.29711,3.08121,0.09499
7.06775,1.75926,0.5628
1.83091,6.12178,0.99513
8.35832,9.90439,-0.55373
8.22535,3.59834,-0.67626
5.67715,3.9396,-0.1908
5.01259,7.19567,-0.35051
2.41869,7.93589,-0.8015
6.90781,4.49003,-0.92018
2.89124,5.69347,0.74469
5.6986,9.02057,0.83536
5.0323,0.16819,-0.88323
3.51261,6.71887,-0.72201
7.99733,9.75196,-0.89132
3.92571,3.1236,0.69335
9.15415,5.28269,0.95543
7.07165,6.89798,0.986
9.05001,2.15869,-0.97738
1.45555,0.8146,0.76526
8.16669,3.34199,-0.87123
3.80069,9.49579,0.66695
0.22263,2.54976,0.36087
3.88289,1.5532,-0.74936
7.60902,1.59446,0.2195
3.67256,3.38943,0.70243
2.14276,6.84616,0.42219
9.01217,1.80186,-0.98357
6.52794,2.59489,0.29738
6.46846,2.07413,0.77214
2.60503,2.05921,-0.99884
3.87529,9.35134,0.61332
3.74824,7.08265,-0.98647
6.94979,2.55992,-0.08483
9.20478,5.35936,0.91022
6.67999,3.66604,-0.79636
7.71115,5.73597,0.77121
1.30551,6.5763,0.99961
6.30777,1.58873,0.9991
7.08248,6.6903,0.93434
9.50187,4.69231,0.99838
3.08289,8.02168,-0.99407
6.2646,4.64106,-0.99596
8.90378,4.68642,0.85411
7.14493,9.76503,-0.93276
7.82523,7.62893,0.25108
1.01339,4.13875,-0.90486
2.70827,1.71906,-0.95964
1.55329,0.83676,0.68277
9.92555,7.72883,-0.93028
7.8178,7.60461,0.28169
7.71821,1.6542,0.05234
8.7437,7.86203,-0.78193
7.76322,6.87218,0.87843
8.78577,4.22671,0.43146
2.51182,3.56884,-0.20115
5.20884,0.16119,-0.79144
3.0961,0.72702,-0.62998
0.93591,6.95838,0.99919
5.96814,3.63754,-0.17992
1.18098,6.02791,0.79904
1.77629,3.98588,-0.49776
2.5225,7.61484,-0.65378
2.95643,8.51037,-0.89101
4.52871,5.33439,-0.42442
7.52344,9.03476,-0.75144
7.83805,8.73777,-0.76295
0.6487,7.30482,0.99505
6.60925,3.06054,-0.24256
3.39563,5.33848,0.63706
2.95366,6.92025,-0.43419
6.82785,2.93545,-0.33209
4.21915,9.43491,0.88556
7.40972,5.99731,0.74508
7.70177,8.44483,-0.42471
8.01642,6.01373,0.99428
0.30069,6.18576,0.20187
2.64015,0.755,-0.25084
0.94808,1.53579,0.61132
1.41987,7.38352,0.58217
6.4693,6.64497,0.5209
7.3456,7.40273,0.81898
5.38352,4.86362,-0.73275
4.25674,1.17464,-0.75247
8.83019,1.78781,-0.92956
5.06522,6.91536,-0.55286
4.4404,5.02627,-0.04188
6.06573,0.93115,0.65463
1.85593,0.11022,0.92286
6.24422,5.22093,-0.89176
0.73054,4.03341,-0.99867
0.04066,6.47771,0.23302
1.61402,7.42205,0.37899
7.25509,2.63096,-0.44509
5.42954,1.81673,0.82096
7.86828,9.77458,-0.93444
4.04028,7.81042,-0.65612
2.66117,3.51344,-0.10836
6.3339,9.2956,0.07838
5.89156,4.38927,-0.75526
1.9759,2.06021,-0.77991
9.33429,8.97552,-0.51392
5.62659,2.18111,0.99893
2.6135,4.63556,0.82255
3.7004,6.81944,-0.88896
6.72708,6.57741,0.6729
0.98723,5.48785,0.19072
2.41539,4.05942,0.19045
2.28741,9.84898,-0.41685
7.64649,1.89627,-0.11771
1.39534,5.75603,0.76316
5.3142,2.96421,0.91127
2.31826,9.12723,-0.90048
3.24893,7.53542,-0.97778
7.13351,8.89221,-0.31243
2.11807,8.14769,-0.7453
1.83331,8.86804,-0.95703
0.5705,7.11933,0.98656
8.9024,5.93678,0.76355
0.907,4.14278,-0.94362
8.4837,4.13341,0.05071
4.31586,6.99971,-0.94924
1.26373,8.2516,-0.09043
3.65027,3.94333,0.96629
5.98135,9.72443,0.00218
7.16328,9.45,-0.78663
5.68095,0.81404,0.21023
9.08925,4.57677,0.89105
0.42787,4.90201,-0.81533
3.47894,0.35717,-0.64001
4.87731,4.05955,0.46878
5.85443,0.80456,0.36702
5.27465,0.20379,-0.72065
8.89874,1.01491,-0.46963
0.83025,8.80043,-0.20445
5.41931,9.09399,0.93009
6.65779,5.55678,-0.34459
1.96722,4.11978,-0.19492
4.71622,1.52324,-0.04372
3.56279,5.70954,0.15185
8.90607,3.22354,-0.423
1.05663,1.62897,0.44036
6.71931,4.60334,-0.94699
0.21055,2.45382,0.45932
8.52513,4.07864,0.03739
9.32093,4.14909,0.78559
8.44223,3.04921,-0.87956
2.96336,1.24027,-0.87335
2.29573,3.92624,-0.06118
5.00757,9.47853,0.93974
5.3083,8.41854,0.91699
2.486,2.24387,-0.99985
0.5156,7.56231,0.97503
7.3736,4.44007,-0.68362
4.99289,8.32525,0.68293
9.05389,1.44629,-0.87978
0.13069,5.80637,-0.33925
3.55753,1.91895,-0.72202
1.35164,8.87291,-0.7172
2.78887,2.73822,-0.68609
1.01409,1.62857,0.47848
3.00228,0.06129,0.07794
3.69447,1.11194,-0.99558
4.93206,1.76594,0.40302
5.98628,4.92124,-0.99613
0.96404,4.94364,-0.36675
2.67832,0.31057,0.15211
5.02622,8.21457,0.62444
0.05515,4.03351,-0.81171
4.0831,6.10611,-0.69213
4.92394,2.11971,0.68926
6.14707,7.81848,0.98531
7.38523,5.29542,0.11403
0.46786,8.2311,0.66375
7.70138,2.29402,-0.54015
1.654,2.48761,-0.84148
6.4471,5.57374,-0.51887
5.17966,1.84944,0.67864
3.47532,0.12548,-0.44324
1.95881,6.65928,0.722
2.42944,5.63113,0.97874
4.79396,1.166,-0.31763
4.15667,7.87225,-0.51195
2.31303,8.08861,-0.82874
3.38455,2.53375,-0.35684
7.69711,2.16514,-0.42365
2.87074,1.0025,-0.6681
1.67091,0.13637,0.97217
0.18028,8.20844,0.8604
0.64604,0.95541,0.99953
6.27514,4.68953,-0.99952
3.47008,8.70114,-0.38494
7.51785,3.77985,-0.95471
0.84632,6.37718,0.80774
7.86571,4.11838,-0.54993
9.7652,6.82497,-0.77215
8.71978,3.69362,-0.15237
7.0,6.52383,0.81773
0.698,1.17911,0.95345
8.09027,4.65746,0.18037
6.16952,9.32755,0.20933
7.86791,4.98095,0.27875
5.85613,5.54808,-0.91766
7.2075,1.9483,0.26575
3.75879,6.33943,-0.62367
7.19574,8.36741,0.1443
6.72293,4.39309,-0.99275
8.91059,8.95009,-0.83541
1.79039,0.60663,0.67765
6.93064,8.88277,-0.10525
0.6057,7.94402,0.76758
3.57809,3.21295,0.48631
2.4218,9.90573,-0.23658
5.55985,0.0795,-0.60027
3.03262,4.44568,0.93026
8.01942,4.99081,0.42943
1.74398,1.50474,-0.10692
7.66506,0.76314,0.83962
2.33898,6.77783,0.30312
1.43502,3.50695,-0.97376
0.49097,8.50026,0.4201
2.6369,1.22522,-0.65977
3.9107,7.71688,-0.80684
2.3693,6.2236,0.7392
1.01215,3.84396,-0.98969
0.79889,5.36612,-0.11789
5.56476,0.26482,-0.43821
8.89978,1.14791,-0.5834
0.14049,8.01361,0.9553
7.78893,5.38784,0.5732
7.71652,2.75872,-0.86765
3.51376,5.19595,0.65567
2.33859,8.51221,-0.98954
8.09011,0.3618,0.82651
2.48133,2.68739,-0.89767
9.28634,9.85089,0.28372
5.56994,4.51239,-0.61119
2.89322,2.75727,-0.59132
1.24409,8.49066,-0.30503
5.21229,0.91548,-0.15479
0.48689,3.30431,-0.60487
2.489,0.39261,0.25707
2.17828,9.25903,-0.90401
4.34277,9.74174,0.99861
5.96681,1.15224,0.74188
5.42459,4.36174,-0.35372
1.34343,1.37026,0.41496
0.67795,9.19298,-0.43149
1.68849,3.52763,-0.87579
3.14791,1.51362,-0.99871
1.72045,8.18268,-0.46032
1.89481,8.26635,-0.67161
8.4819,0.30658,0.59422
8.38445,0.19078,0.75099
2.60583,7.05399,-0.23288
0.93409,0.7056,0.99763
6.03246,9.96564,-0.28609
7.98175,9.83036,-0.86111
3.74021,6.21575,-0.50655
2.52254,0.32285,0.29189
1.52185,9.63007,-0.9878
9.18182,3.98636,0.56613
8.13139,0.80083,0.47289
6.35581,6.18095,-0.02961
2.48018,5.28654,0.9962
6.87622,1.1351,0.98765
1.11658,2.49235,-0.45051
5.01797,1.4697,0.20307
4.19762,6.29945,-0.8783
1.93355,1.68807,-0.46181
9.38947,8.296,-0.91843
7.79962,9.32505,-0.98815
7.93819,4.44252,-0.1846
9.30434,9.9448,0.38904
3.96924,4.03565,0.98863
9.30673,1.1201,-0.84258
7.09695,1.28557,0.86354
3.11194,2.37196,-0.71686
8.47926,9.83972,-0.50603
9.01813,1.28626,-0.77049
5.00916,0.65155,-0.58305
3.41739,0.06735,-0.33645
5.06497,1.07965,-0.13812
7.51197,7.96865,0.22539
9.24749,8.15489,-0.99237
8.26036,7.49018,-0.04257
9.46279,7.80627,-0.99995
5.10659,2.94874,0.9798
0.05596,8.8871,0.4633
8.64031,8.42576,-0.97747
4.33013,2.33552,0.37321
1.92083,6.32117,0.92566
5.67088,4.57086,-0.72907
7.02516,7.7822,0.7837
7.81387,4.0706,-0.63027
6.99289,3.41667,-0.83315
3.21477,0.8722,-0.81072
5.16433,4.54312,-0.27891
1.18041,3.61688,-0.9964
4.56203,1.29753,-0.41107
0.26901,4.18532,-0.96689
1.5565,9.02743,-0.91646
1.69356,1.88086,-0.41944
4.91998,7.05007,-0.5616
3.92984,5.07332,0.40923
0.92804,8.97511,-0.46034
2.36286,5.4322,0.99826
8.65269,8.53003,-0.99539
7.15386,6.53945,0.9031
2.44499,0.3161,0.37139
3.16841,0.30094,-0.32191
3.69013,2.79841,0.20391
8.17682,0.44981,0.71607
2.99302,0.51889,-0.36191
3.38778,9.82446,0.60189
9.02848,2.98412,-0.5259
3.18393,2.3326,-0.69373
0.36615,0.89506,0.95246
9.78027,6.33924,-0.40003
2.31037,2.43748,-0.99937
4.08162,5.14756,0.19435
8.74638,3.75601,-0.06393
9.21015,1.01808,-0.71976
2.93508,7.23747,-0.68001
5.1214,3.12135,0.92538
7.48249,5.21884,0.13455
2.91159,9.27323,-0.37236
4.64463,9.73462,0.97084
6.05395,1.10054,0.76517
4.59058,7.48551,-0.47088
3.06701,7.44874,-0.88708
4.91758,3.75333,0.68446
0.33449,9.4434,-0.34582
6.53159,7.0732,0.8616
6.69488,2.0228,0.64963
1.10242,0.25232,0.97675
7.68746,7.22987,0.7108
5.31713,3.91666,0.18983
2.09131,8.04832,-0.65551
8.67964,5.50177,0.99902
0.78367,1.0891,0.95475
6.75786,3.79559,-0.90384
3.38083,7.14085,-0.8898
0.77029,8.87099,-0.21481
1.11609,0.83425,0.92883
7.92062,0.20579,0.96312
0.04625,6.32005,0.08302
6.52335,2.66804,0.23127
3.9864,4.286,0.91373
3.89566,3.64793,0.95221
6.64407,1.64471,0.90695
2.15544,1.50914,-0.49947
9.38863,9.00165,-0.44331
7.2634,9.6324,-0.92756
8.24972,0.43326,0.67561
5.87872,5.95083,-0.67194
5.28202,5.34526,-0.93294
3.67382,0.79277,-0.96994
0.04757,3.51163,-0.40558
7.62796,4.34713,-0.55743
5.56251,1.18876,0.45117
9.29589,1.82837,-0.99173
0.58157,7.94972,0.77926
9.98694,8.2684,-0.55985
1.10596,2.64671,-0.57375
4.15501,0.50283,-0.99851
2.79943,7.82123,-0.93054
9.16441,3.61413,0.21058
2.03611,6.96754,0.4088
4.76557,6.31884,-0.99606
0.69528,2.00596,0.42626
8.27545,1.54251,-0.38313
4.42617,0.86068,-0.83948
9.27602,0.84329,-0.64002
1.6916,5.74072,0.91241
5.27076,7.95108,0.60953
7.26561,6.63139,0.9713
9.94215,5.0425,0.66187
3.81984,0.97734,-0.99641
0.90678,6.38183,0.84439
2.47513,9.29528,-0.71453
3.29414,4.85672,0.95626
0.52124,3.25935,-0.59639
1.94763,5.1857,0.75137
4.15583,4.40412,0.76098
4.09702,7.46001,-0.84648
4.37782,1.77507,-0.12993
4.74448,7.46561,-0.34879
1.65597,5.27921,0.60677
3.07258,8.01917,-0.99538
4.77827,9.88484,0.86485
3.08093,9.40488,-0.08047
7.89517,3.93719,-0.66985
1.83868,9.79796,-0.80146
2.25284,6.01441,0.91581
7.23077,0.80476,0.98356
3.1008,8.18819,-0.95726
1.29825,7.77264,0.34655
6.55242,5.33863,-0.62515
0.38105,0.06787,0.434
4.49426,5.325,-0.38433
4.66909,4.77906,-0.02337
0.42253,2.22651,0.47288
8.40773,9.5052,-0.80556
8.22318,4.99168,0.60398
7.23304,3.00927,-0.72946
7.93016,6.93428,0.74699
8.04546,6.25121,0.98731
6.40794,9.96801,-0.61941
8.8452,7.85345,-0.83641
8.40308,6.74322,0.5326
6.36691,3.11046,-0.05256
6.23904,4.40572,-0.93909
3.74495,1.39616,-0.9095
8.71352,3.28754,-0.53568
1.1004,9.49282,-0.92014
3.68481,1.14512,-0.9931
7.57814,8.27404,-0.14371
0.16252,0.33202,0.47462
6.86421,2.14798,0.40098
5.63521,3.31947,0.45298
4.22061,8.12799,-0.21605
6.3891,7.41044,0.94354
7.32444,2.22973,-0.12903
2.63244,5.47197,0.9688
2.05756,5.76679,0.99956
8.4318,7.3195,-0.04332
7.87156,2.81252,-0.95187
3.04947,1.78444,-0.99263
3.28589,7.17113,-0.85845
7.88394,7.71134,0.11245
4.34697,1.64878,-0.28349
3.25756,6.08907,0.07806
9.90406,9.86101,0.79288
6.42762,8.96328,0.31178
3.72246,5.0838,0.57983
7.71452,9.90635,-0.94205
0.67897,8.91211,-0.16554
4.17993,8.61071,0.2224
8.77019,4.33107,0.50975
4.10232,8.76455,0.29599
0.31961,1.06741,0.98316
4.46855,3.47407,0.99607
5.20153,4.09427,0.12862
2.3926,0.44688,0.29754
1.88418,7.50646,0.03413
5.27492,8.12717,0.74177
0.37553,1.433,0.97187
5.81834,2.274,0.97173
5.80889,9.73635,0.16201
1.12971,4.76125,-0.38224
0.0251,8.43341,0.82277
7.82665,4.56635,-0.1725
1.01177,7.47188,0.80822
5.15101,1.04467,-0.08739
2.97832,0.92077,-0.68711
8.45744,7.74745,-0.47673
3.00447,1.56715,-0.99011
8.07594,7.41474,0.21558
3.27704,3.95972,0.81549
6.79376,0.95749,0.99473
3.9558,4.99367,0.45761
8.78773,0.13454,0.48162
9.11106,9.02574,-0.65392
4.11498,6.17974,-0.7643
6.29467,5.63455,-0.59491
0.41185,4.46242,-0.98693
2.71135,6.16031,0.52534
2.59335,2.33173,-0.97747
2.02098,4.8177,0.52736
5.30576,8.23132,0.82529
8.69296,7.50201,-0.46799
5.87935,9.13566,0.63881
8.3477,3.64724,-0.54083
5.99274,0.90135,0.5736
0.44412,7.00764,0.9202
3.76507,3.39867,0.77109
1.5354,1.25147,0.34732
0.08935,3.80739,-0.6854
8.11421,9.2395,-0.99719
0.1446,0.92076,0.87496
6.97245,3.32154,-0.76382
2.39071,2.09278,-0.97392
7.01073,3.80291,-0.9835
7.00143,0.11363,0.7392
5.37143,6.86598,-0.32306
6.3691,6.90714,0.65173
9.44093,7.16043,-0.7792
3.75666,7.53924,-0.95524
7.41278,4.8437,-0.30496
8.21077,0.49591,0.65796
2.18522,8.97184,-0.98699
2.30941,8.22935,-0.89746
4.65481,1.95859,0.32424
5.44018,5.84244,-0.95908
0.31614,9.03833,0.07025
5.76854,3.46079,0.1942
0.72701,4.39886,-0.91573
6.78312,2.23498,0.39556
3.97498,5.78534,-0.32929
1.93196,1.78781,-0.5465
9.02368,7.48201,-0.71577
5.53045,8.67005,0.998
3.45927,9.82077,0.65462
2.40264,0.33316,0.39475
1.23212,5.73002,0.62798
4.58172,0.57134,-0.90447
2.44983,6.58678,0.37849
7.33549,0.53198,0.99991
8.87256,0.97002,-0.40575
6.64097,1.76018,0.854
8.16249,0.78655,0.45799
1.79051,2.48133,-0.90452
3.24586,1.15252,-0.9511
1.31543,3.71434,-0.95006
5.051,2.23781,0.84449
3.50129,7.96143,-0.89286
9.69369,4.55072,0.99426
1.04874,5.82906,0.56019
1.3707,0.63757,0.90582
2.87533,8.62173,-0.87687
1.4254,6.96103,0.86156
1.25235,5.7288,0.64266
0.51113,5.63197,-0.13962
4.27022,0.95972,-0.86903
1.25072,4.10483,-0.8002
0.68009,4.38692,-0.93778
9.74102,0.85176,-0.91997
1.86826,5.81085,0.98475
7.17243,5.02692,-0.35883
8.74759,0.2218,0.43981
6.09145,4.21497,-0.77178
6.1617,9.54678,-0.00051
9.69694,4.38928,0.9987
1.44353,6.28515,0.99216
5.47837,3.125,0.73211
9.85979,0.91761,-0.97629
5.95665,3.57334,-0.10502
1.93098,0.76068,0.4349
7.22469,8.90071,-0.40542
3.26186,5.43305,0.66677
6.24768,1.30814,0.95588
7.12486,3.88285,-0.99993
1.001,0.83727,0.96444
9.72747,8.72225,-0.38927
8.12548,0.18272,0.8986
2.73501,4.51299,0.82194
9.00128,2.46887,-0.88949
8.94854,8.78319,-0.89915
5.09405,2.99658,0.97213
2.91465,7.22512,-0.65561
3.52299,8.48097,-0.53322
4.26772,3.47432,0.99374
3.24823,5.34326,0.74015
9.43515,7.54418,-0.95551
0.64357,4.4604,-0.92431
2.79409,4.25103,0.69032
5.58667,0.94869,0.24951
6.14675,8.87184,0.63605
7.50591,2.97545,-0.87068
0.15738,7.69116,0.99999
6.32023,0.92146,0.81833
8.90886,9.60157,-0.33267
2.40248,3.69056,-0.189
7.00492,9.32178,-0.58001
5.10968,3.93973,0.36661
6.78789,1.96653,0.62127
4.51747,0.55814,-0.93476
7.03933,5.23121,-0.29154
7.53333,1.60843,0.27925
7.4714,3.81236,-0.95876
4.53648,2.36088,0.57629
3.95385,5.51608,-0.04514
3.37179,2.00751,-0.78573
0.95171,7.3997,0.87881
5.04979,1.31522,0.08173
8.38635,6.21772,0.89296
6.27862,8.12297,0.96524
6.19705,9.38435,0.12623
3.36126,8.26116,-0.80988
2.91008,3.48313,0.1098
4.88496,3.54109,0.84078
2.54313,3.58834,-0.15114
2.88985,9.69249,0.01596
6.31694,9.29768,0.09321
9.60779,4.82402,0.95691
0.25193,7.03653,0.84431
2.4876,3.90632,0.11051
8.11701,5.39615,0.81154
0.76966,1.88233,0.47027
0.34691,5.52459,-0.40016
0.47651,5.44271,-0.35599
3.38125,4.9888,0.86977
4.01754,2.39365,0.12766
7.57841,4.17941,-0.72329
4.98396,8.8475,0.95364
7.58192,1.03937,0.71978
4.39149,5.75291,-0.6591
3.62954,5.48443,0.30583
6.4015,5.35551,-0.72385
9.97184,9.12603,0.24578
8.17373,4.22088,-0.17091
8.47484,0.69872,0.24859
3.61586,0.1711,-0.6015
6.01492,0.21669,-0.05155
5.6986,3.8442,-0.11775
4.51968,6.78312,-0.95317
9.25618,5.47938,0.82624
0.97251,6.31936,0.84613
2.66227,7.62902,-0.76208
9.592,2.36988,-0.56834
8.79138,0.83764,-0.20283
9.45953,5.81059,0.42398
9.71388,1.8626,-0.83597
3.09972,3.04612,-0.13692
5.56081,1.90318,0.92491
3.29719,6.51252,-0.3755
0.72255,9.76841,-0.87536
8.84152,1.78039,-0.931
2.63411,4.18431,0.51004
9.27008,1.00705,-0.75283
3.40431,0.86653,-0.90409
7.58637,4.04696,-0.80343
2.90439,5.1196,0.98558
6.66243,0.84251,0.9397
0.50137,3.53368,-0.77925
6.98894,5.11055,-0.4501
1.48129,4.62651,-0.17449
9.01906,0.69527,-0.28552
6.06427,1.7845,0.99999
0.75938,1.36864,0.84873
0.10529,5.54274,-0.5933
7.99296,0.90499,0.50279
6.38082,8.70057,0.58638
8.87859,4.03264,0.33806
9.82719,3.30337,0.53473
1.84975,9.4109,-0.96507
2.13762,2.58037,-0.99998
8.70908,7.09239,-0.09337
6.97125,5.86941,0.27086
6.60342,2.55576,0.26249
1.12444,7.3013,0.84095
4.65433,9.43005,0.99861
3.52449,1.34955,-0.98696
8.35827,7.14922,0.19913
5.06355,9.74019,0.78595
0.80354,5.82136,0.33511
3.47982,8.27661,-0.72425
7.64932,7.47307,0.55267
5.0124,9.45596,0.94566
5.76706,6.28904,-0.48841
9.09384,7.99653,-0.98231
9.05212,8.74078,-0.87071
8.89038,8.87222,-0.88521
5.50211,9.86806,0.33141
9.51278,6.29096,-0.09563
6.73295,8.97741,-0.0024
8.43105,7.82033,-0.51706
1.31431,6.2485,0.95791
5.87633,3.21558,0.32676
8.50523,7.03928,0.16272
1.03093,1.18431,0.79943
4.03339,2.2663,0.0165
9.86155,1.76347,-0.80836
1.43295,0.82072,0.77576
3.60724,0.05995,-0.50173
0.56661,2.45442,0.12027
0.1762,3.44092,-0.45781
7.4919,2.51195,-0.54725
3.53342,5.89534,-0.00398
9.95895,1.55676,-0.86775
1.08392,4.10615,-0.88806
1.54025,1.9552,-0.34652
6.46538,8.45621,0.70779
7.06142,6.93788,0.99051
7.66009,0.72336,0.86308
9.21081,2.53556,-0.73114
3.01123,2.98769,-0.28045
9.96018,2.12462,-0.46317
7.3427,9.29614,-0.80214
9.57325,9.87542,0.56391
8.27012,2.11781,-0.821
0.34104,4.60261,-0.97338
7.46736,4.31224,-0.70808
0.2704,4.44168,-1.0
5.97575,0.14792,-0.15884
9.05477,3.11058,-0.39036
8.45079,8.47311,-0.9377
7.53068,1.91661,-0.02252
3.6975,5.69239,0.03488
5.62388,9.06292,0.85272
8.53238,7.02335,0.15164
6.78646,2.60253,0.03578
7.60142,1.99753,-0.17329
8.72258,1.56635,-0.76055
0.29752,9.01811,0.10893
1.65309,1.56638,-0.0778
9.04656,0.1546,0.22176
4.01612,8.25894,-0.28721
6.5337,0.91551,0.91919
2.79742,7.0126,-0.37579
3.32354,7.60381,-0.99767
9.37198,1.01753,-0.8219
8.93903,1.60265,-0.89875
7.58154,8.74068,-0.57635
2.72146,8.81942,-0.85497
0.92749,9.28784,-0.71074
3.94287,1.875,-0.44871
3.69381,3.581,0.83691
3.09726,9.05519,-0.4022
4.84964,7.42229,-0.2902
0.71354,7.09523,0.99898
5.28097,0.24362,-0.6879
0.41905,1.67245,0.86747
4.6815,2.12875,0.503
6.52597,2.86656,0.03225
4.48289,2.27839,0.46008
7.45308,6.51175,0.98519
0.64826,2.19803,0.29103
3.90041,4.12559,0.98524
4.13889,4.23239,0.86916
7.30776,3.54867,-0.99033
3.85422,1.69043,-0.67321
8.68754,5.22842,0.97563
8.11477,2.08549,-0.70006
1.74995,9.40713,-0.98699
6.46636,5.43352,-0.61823
7.87331,6.25627,0.99997
3.89154,2.02733,-0.35631
8.57364,6.59443,0.51404
4.82276,6.72163,-0.85315
6.99234,2.31355,0.11861
3.35928,7.41457,-0.97552
0.93069,1.23645,0.82739
2.41588,6.96338,0.04551
6.37417,0.31756,0.39727
7.42111,4.09143,-0.86932
3.68627,3.1753,0.54667
8.10872,1.23018,0.08577
7.96387,7.59785,0.14573
8.17242,9.62903,-0.86648
8.03876,3.44598,-0.88273
5.41267,8.77454,0.99875
7.53721,5.61611,0.55382
5.23026,7.47333,0.13679
1.99619,8.4975,-0.87668
5.32312,5.34076,-0.94549
6.96494,0.33271,0.8492
1.40669,2.23958,-0.48352
4.42552,5.0408,-0.04153
1.00191,9.11861,-0.64096
4.86257,5.31346,-0.68255
6.79171,7.18371,0.98695
6.97121,7.78287,0.81567
8.79442,9.99287,-0.06223
4.61967,2.3511,0.63467
4.34897,0.06187,-0.95488
7.80482,0.83414,0.70741
4.12883,2.15896,0.0046
8.86157,6.50471,0.33507
3.758,8.01634,-0.71178
2.10638,3.1442,-0.85864
8.12605,2.15366,-0.75452
9.93557,2.85702,0.2243
2.94825,3.24984,-0.08499
3.07672,2.46009,-0.67898
0.07891,3.69118,-0.58794
5.14883,4.82027,-0.51783
2.08405,9.44464,-0.86123
9.71669,3.6798,0.73801
0.91763,6.42663,0.87288
7.66237,0.06426,0.9919
3.07547,4.7714,0.99997
5.55585,6.37806,-0.59113
5.82425,2.90151,0.64346
5.60629,3.53045,0.28407
2.07833,9.78672,-0.64522
1.54147,7.84582,0.03748
2.13725,9.82601,-0.56721
5.53289,3.83536,0.0565
2.25898,9.85707,-0.43525
4.1749,7.62986,-0.69009
8.9491,2.19085,-0.9896
0.42761,2.75701,-0.04301
8.62543,5.38209,0.99161
9.1634,3.3984,-0.00457
4.62877,5.13281,-0.33047
6.58192,1.4143,0.9899
1.18129,9.6263,-0.98238
6.28363,9.34335,0.0809
5.51779,7.95206,0.78549
7.07792,1.72826,0.57989
9.45585,2.3506,-0.68886
0.77184,0.85609,0.99837
2.03258,4.26347,0.01287
1.49928,4.15506,-0.58821
2.02023,9.02763,-0.99863
7.60066,1.45571,0.36013
1.13914,7.99557,0.28601
4.90048,3.965,0.53059
8.41289,2.62687,-0.99902
5.98124,5.73119,-0.75387
6.03131,8.86204,0.72745
0.56959,0.35779,0.80005
3.71892,2.01807,-0.51944
1.58639,4.06135,-0.59354
8.75813,5.70181,0.94836
5.8645,3.09282,0.45062
1.25381,7.73484,0.42243
9.48089,6.52375,-0.29234
4.69431,2.76759,0.92412
0.55233,4.96246,-0.69498
0.42588,2.40043,0.31009
5.34525,2.47699,0.9995
4.3556,9.15424,0.8096
5.38292,4.14024,-0.09823
9.73242,4.54259,0.99052
5.12691,0.98607,-0.16939
3.41741,8.98355,-0.16466
7.10565,9.03896,-0.42291
4.87726,1.60957,0.20224
3.37906,0.28395,-0.49811
3.78964,3.98192,0.99661
4.81942,9.91825,0.82506
2.33338,6.76904,0.3168
4.36645,9.81656,0.99895
1.19735,3.45425,-0.99815
4.69038,4.08105,0.60785
5.75855,9.54371,0.39467
0.20932,2.23286,0.64377
4.05115,2.35845,0.12609
1.37068,3.95084,-0.82014
2.38972,6.26895,0.69333
3.47248,3.10678,0.29177
2.76968,6.24225,0.40122
1.6599,1.138,0.33697
0.44914,2.99803,-0.30084
8.22951,6.87317,0.56899
3.31552,0.48705,-0.61389
2.01087,0.99216,0.13812
8.17743,4.52033,0.13101
9.01314,2.64996,-0.78535
0.54235,2.04887,0.52301
0.69341,9.9623,-0.9428
7.99902,2.87891,-0.99309
7.78446,7.62433,0.29473
7.96117,3.91255,-0.63858
1.36814,8.61154,-0.52686
6.10763,8.34072,0.95197
2.05943,2.6021,-0.99871
3.49149,7.35296,-0.9886
1.25811,7.75874,0.39671
7.40102,6.70362,0.99947
7.29489,9.95212,-0.9995
7.60888,5.37227,0.40299
8.40627,9.56277,-0.77107
2.19236,1.48198,-0.50791
1.88031,8.14051,-0.56137
4.03922,9.24679,0.65912
2.86397,4.559,0.90854
3.57585,2.88843,0.18011
4.4629,2.38835,0.538
4.66024,3.52185,0.94665
2.00283,5.68036,0.98545
6.48126,2.92459,0.01892
5.07289,2.40195,0.92898
8.38112,2.43846,-0.98455
0.39201,8.3402,0.63852
3.20621,6.73768,-0.49611
4.86832,9.92913,0.78982
0.85544,2.25237,0.03378
6.04979,4.51287,-0.90775
6.22955,9.12616,0.34502
4.84219,4.32561,0.25416
8.30858,6.10298,0.96259
8.03447,1.79207,-0.39104
9.45649,2.46688,-0.5996
2.09979,9.54291,-0.79782
7.74689,7.39736,0.53433
4.5538,3.01214,0.9588
7.44856,0.14468,0.9662
2.75987,9.83386,0.02735
3.36658,0.16822,-0.38316
4.2447,5.43856,-0.25562
7.76002,1.01617,0.60406
2.43638,9.58537,-0.51809
5.26773,6.17311,-0.9025
8.72288,0.10154,0.56493
7.22151,4.19842,-0.9113
8.8246,0.71957,-0.1191
9.82374,6.70832,-0.73393
7.04894,9.40235,-0.67675
9.11216,5.51783,0.881
9.71575,3.4331,0.55009
9.75471,6.59819,-0.60115
9.6613,7.42332,-0.98121
4.42664,2.68414,0.73631
7.6539,9.69045,-0.99785
3.81117,1.62081,-0.75208
3.04387,4.18191,0.80909
1.40837,0.98252,0.68215
6.66966,3.65094,-0.78072
6.54032,1.29646,0.99985
8.70241,1.01013,-0.28381
6.8258,2.47861,0.12007
0.01649,0.63195,0.60395
5.44332,9.18436,0.88209
3.92735,1.95173,-0.3932
6.31325,9.93413,-0.51363
7.47695,3.46786,-0.99871
1.62129,1.47805,0.04225
4.39196,7.73027,-0.42968
7.44998,0.07959,0.94784
4.28456,7.01415,-0.9544
3.90509,1.2137,-0.91855
8.20018,3.20004,-0.91924
8.82927,5.13456,0.98502
6.57003,6.34319,0.33994
6.19914,2.38543,0.74479
4.32561,1.64221,-0.31016
1.03175,9.83037,-0.99111
4.52116,6.5243,-0.99876
4.91576,1.83943,0.45467
8.41941,2.47163,-0.99454
5.41396,3.76098,0.24725
5.34593,2.94509,0.90601
5.67169,1.80895,0.93111
1.4119,1.39272,0.33063
7.5174,7.00456,0.92688
3.8009,3.55606,0.87901
0.37188,6.30812,0.38649
6.79668,6.36774,0.56303
0.93569,3.7608,-0.99987
2.1418,6.46886,0.72712
3.35535,5.52058,0.5217
1.4495,3.61887,-0.9373
9.6871,3.91393,0.85969
5.96409,4.63058,-0.92071
2.60017,5.45783,0.97926
1.18714,8.19906,0.03857
3.10969,1.16549,-0.90594
7.37784,3.68498,-0.99774
3.48137,7.24545,-0.9641
7.35533,9.60626,-0.95012
7.36367,6.15149,0.81271
1.07365,5.68801,0.46042
9.93752,8.56061,-0.34424
9.61499,5.61852,0.45685
0.81407,1.82527,0.4814
4.2671,9.69017,0.98386
0.03934,7.89323,0.99691
4.71074,6.02969,-0.96763
7.10509,1.01435,0.96497
7.86417,9.7188,-0.95408
5.89911,2.70397,0.7323
7.49168,9.33811,-0.9009
3.29476,3.75836,0.69609
5.23325,5.38585,-0.92997
2.50723,8.86761,-0.92894
7.97482,1.79334,-0.33668
3.24192,3.27177,0.22847
6.89241,7.9913,0.73404
2.1536,6.94187,0.32339
6.4023,7.8995,0.98648
2.03401,6.95148,0.4253
4.91177,7.98878,0.32799
2.52372,9.35639,-0.63365
9.36579,8.99011,-0.47386
9.40773,4.45373,0.96223
6.26094,4.82467,-0.99595
6.39348,4.69772,-0.99543
5.8521,2.33485,0.94508
9.43449,9.1421,-0.26959
9.4447,9.43296,0.0281
2.73899,8.84354,-0.83263
7.34087,3.74528,-0.9959
7.01977,3.41198,-0.84521
8.46918,6.60262,0.59411
8.24888,6.75531,0.6471
0.80727,9.19911,-0.54936
4.0521,1.95571,-0.27191
3.57336,7.44552,-0.99973
7.68618,2.02144,-0.27908
7.33865,9.11175,-0.67609
8.29938,8.07887,-0.62121
9.64975,5.41413,0.60047
6.61029,3.59681,-0.70493
2.70784,6.00436,0.65379
5.25161,9.31772,0.90806
8.21325,1.36286,-0.15076
6.01783,5.14112,-0.98668
7.04032,1.32868,0.87028
6.36444,2.09331,0.8232
0.09916,2.33064,0.65319
7.2592,6.58509,0.95742
8.57905,6.3836,0.6782
8.54039,1.06347,-0.17812
7.33822,6.18943,0.81992
7.21595,3.89246,-0.99364
8.63772,2.49303,-0.99088
9.04095,3.64617,0.12046
2.5655,0.76515,-0.18794
3.29036,3.46043,0.45075
9.47951,6.26067,-0.03221
5.85694,1.81374,0.98325
4.71747,7.37467,-0.45665
6.84925,4.23219,-0.99632
9.1904,7.73692,-0.93888
8.80924,0.25613,0.35172
7.35669,0.67789,0.98373
6.12443,4.73015,-0.99008
3.0463,7.15785,-0.70283
1.04003,3.42621,-0.96986
9.35848,4.22489,0.85053
3.48969,3.61166,0.7299
1.89942,3.18781,-0.93056
2.2353,5.92238,0.95424
7.95661,7.47876,0.26923
1.44145,6.1275,0.95965
7.562,9.5054,-0.97775
3.81185,2.44627,-0.02506
3.5473,7.32993,-0.993
3.31638,3.56407,0.56238
5.31534,4.21965,-0.10999
0.96974,0.30123,0.95539
3.56151,0.43717,-0.75594
8.85384,4.12709,0.40279
8.54644,2.53619,-0.99621
5.31082,1.54616,0.54282
9.08869,2.1606,-0.96799
2.96218,5.79636,0.61803
8.85531,3.1275,-0.551
3.78726,0.83445,-0.99589
8.09683,4.36004,-0.10928
8.35405,9.7612,-0.67007
5.83783,3.7979,-0.20939
5.95944,5.41159,-0.93034
5.22403,2.54191,0.99613
5.65351,2.15932,0.99915
8.06714,4.67991,0.1797
6.06316,0.22717,0.00714
9.15561,0.49685,-0.22572
6.2613,4.50195,-0.97313
8.73773,1.94345,-0.95098
9.33456,5.57934,0.71321
9.01032,9.02529,-0.72701
9.75812,4.13602,0.97062
5.7539,3.08867,0.54987
4.50553,7.85012,-0.20916
2.07683,3.10637,-0.8912
0.5037,8.7223,0.19747
5.4198,4.24183,-0.23464
0.15948,6.73254,0.57192
7.5324,7.45279,0.66147
8.98835,5.57308,0.91134
9.18447,1.90373,-0.99571
5.13899,8.31658,0.77657
5.44297,5.16821,-0.92702
5.41514,6.50015,-0.60605
4.19593,9.65542,0.95943
1.6947,6.22912,0.99756
6.2226,7.60733,0.95317
7.5383,6.80954,0.97789
5.40275,8.43038,0.95414
7.12896,7.68691,0.77839
3.90442,1.978,-0.39012
5.2,7.87003,0.48263
7.02168,8.03873,0.60324
3.95045,5.34309,0.13086
4.12234,6.4546,-0.91365
4.17878,8.35948,-0.0281
4.70917,4.38447,0.32512
4.21341,0.72569,-0.97441
6.08034,3.36389,-0.01945
9.20672,8.77621,-0.76215
9.38545,1.34566,-0.96523
9.79641,5.65539,0.25337
5.40101,6.15173,-0.84876
7.75261,2.56597,-0.77946
3.70976,9.72079,0.76056
8.48928,8.40542,-0.92715
1.43623,6.8766,0.89656
8.66265,0.71662,0.04549
0.21455,6.17842,0.10956
0.76114,3.2958,-0.79278
4.09324,5.21171,0.11955
7.21877,1.17126,0.85973
5.09398,6.56634,-0.78708
1.78794,3.93862,-0.52833
8.9818,8.85487,-0.84836
3.8241,5.14723,0.43807
8.04592,1.70148,-0.31705
4.83757,9.94763,0.79728
8.62146,4.4331,0.46903
9.23538,5.32185,0.91306
8.86153,2.48149,-0.94024
3.23028,9.98115,0.60125
5.08816,0.93893,-0.25331
5.50684,8.03401,0.82741
1.30268,7.36826,0.68445
4.33694,1.11998,-0.7354
2.45793,6.98167,-0.01482
2.99443,3.56307,0.27089
5.43036,3.99675,-0.00233
0.82402,5.24107,-0.21637
4.72927,0.01914,-0.99935
5.16233,0.22284,-0.78209
9.09645,8.60401,-0.91239
4.03527,5.99126,-0.56609
5.93787,7.68936,0.87278
8.66591,9.68796,-0.47563
0.0227,6.71413,0.43825
3.6097,4.36057,0.99325
5.12002,6.76405,-0.63059
9.38038,6.06338,0.26114
1.07504,3.55316,-0.99646
6.7487,2.26748,0.39733
8.56932,3.97475,-0.0223
9.38855,2.29263,-0.77403
8.25593,7.45762,-0.00559
8.8777,6.16854,0.61448
4.49646,1.59025,-0.19522
9.71108,1.34218,-0.99834
7.63303,5.5172,0.55125
7.19485,8.55027,-0.03715
0.57292,2.94909,-0.37131
4.60231,3.77629,0.86552
9.04772,3.71236,0.1925
2.75391,0.86659,-0.46081
1.27234,9.35643,-0.93348
2.28414,6.61365,0.50294
8.39743,0.27044,0.68668
2.97532,0.72373,-0.52903
8.12875,3.34781,-0.88654
4.1442,1.77847,-0.35275
1.80556,6.72927,0.77704
3.42245,8.91931,-0.22272
1.65798,9.22495,-0.99366
9.58036,3.28122,0.29094
7.1102,6.45997,0.84352
4.44907,8.1019,-0.0154
8.07846,7.51578,0.11347
2.89715,1.84883,-0.99944
8.55235,1.65693,-0.70647
9.53109,1.28372,-0.98371
1.07495,9.62469,-0.95653
4.27012,5.94745,-0.71232
0.98456,6.56982,0.95545
5.37995,1.65627,0.68385
4.39647,5.93201,-0.78562
6.18761,1.33653,0.94609
9.28879,2.17491,-0.89241
5.26293,2.93978,0.93981
2.7039,1.09602,-0.6118
5.55166,2.47175,0.98568
5.9536,4.07602,-0.56863
7.14651,5.24922,-0.16982
4.09472,3.49011,0.964
9.23798,6.84982,-0.37076
1.74127,0.29351,0.89428
9.31213,2.40473,-0.75096
9.13102,3.22812,-0.20575
5.94536,9.18397,0.54688
3.34272,4.0456,0.89353
0.72247,6.80357,0.94671
8.21866,3.04733,-0.96366
7.02534,7.7305,0.81465
9.4081,8.51029,-0.80232
2.35166,5.684,0.98354
3.54941,3.85194,0.8993
9.62404,8.60585,-0.58077
6.99907,1.61255,0.72646
4.81923,2.09317,0.58851
6.48195,9.51827,-0.28812
6.07381,6.68776,0.19396
5.18587,0.41353,-0.63173
0.50728,6.27023,0.47444
6.56883,3.56228,-0.64905
6.02792,5.73582,-0.71918
3.55718,4.73206,0.90676
2.99226,8.39251,-0.92522
4.52778,6.3201,-0.98911
9.31726,4.7726,0.99888
8.09279,1.24618,0.0857
1.42816,9.86344,-0.9565
5.43003,0.7106,-0.14207
6.48536,5.74535,-0.3294
3.40389,8.42771,-0.67042
1.37454,3.11745,-0.97581
8.79722,0.51232,0.11498
